platform_id	scope_id	scope_name	scope_type	scope_description	required_for_mvp	mvp_reason	danger_level	notes	source_urls
shopify	read_all_orders	Read all orders (incl. all statuses)	oauth_scope	Read all orders, including potentially all order states.	NO	Only needed if you truly need “all orders” access.	medium	Use read_orders if possible.	https://shopify.dev/docs/apps/build/authentication-authorization/access-scopes
shopify	write_app_proxy	Write app proxy	oauth_scope	Allows configuring / writing app proxy behavior.	NO	Not needed for standard commerce workflows.	medium	Edge-case for proxy-based apps.	https://shopify.dev/docs/apps/build/authentication-authorization/access-scopes
shopify	read_assigned_fulfillment_orders	Read assigned fulfillment orders	oauth_scope	Read fulfillment orders assigned to the app / service.	MAYBE	If you operate fulfillments.	medium	Depends on fulfillment setup.	https://shopify.dev/docs/apps/build/authentication-authorization/access-scopes
shopify	write_assigned_fulfillment_orders	Write assigned fulfillment orders	oauth_scope	Manage fulfillment orders assigned to the app / service.	MAYBE	If you create/close fulfillments.	high	Can alter fulfillment state.	https://shopify.dev/docs/apps/build/authentication-authorization/access-scopes
shopify	read_merchant_managed_fulfillment_orders	Read merchant-managed fulfillment orders	oauth_scope	Read merchant-managed fulfillment orders.	NO	Only for specific fulfillment flows.	medium	Depends on store ops.	https://shopify.dev/docs/apps/build/authentication-authorization/access-scopes
shopify	write_merchant_managed_fulfillment_orders	Write merchant-managed fulfillment orders	oauth_scope	Write merchant-managed fulfillment orders.	NO	Specialized.	high	Changes fulfillment ops.	https://shopify.dev/docs/apps/build/authentication-authorization/access-scopes
shopify	read_third_party_fulfillment_orders	Read 3P fulfillment orders	oauth_scope	Read third-party fulfillment orders.	NO	Specialized.	medium	For 3P fulfillment providers.	https://shopify.dev/docs/apps/build/authentication-authorization/access-scopes
shopify	write_third_party_fulfillment_orders	Write 3P fulfillment orders	oauth_scope	Write third-party fulfillment orders.	NO	Specialized.	high	Can change 3P fulfillment state.	https://shopify.dev/docs/apps/build/authentication-authorization/access-scopes
shopify	read_marketplace_fulfillment_orders	Read marketplace fulfillment orders	oauth_scope	Read marketplace fulfillment orders.	NO	Specialized.	medium	Marketplace-specific.	https://shopify.dev/docs/apps/build/authentication-authorization/access-scopes
shopify	read_cart_transforms	Read cart transforms	oauth_scope	Read cart transform configuration.	NO	Only if you manage cart transforms.	low	—	https://shopify.dev/docs/apps/build/authentication-authorization/access-scopes
shopify	write_cart_transforms	Write cart transforms	oauth_scope	Create/update cart transform configuration.	NO	Only if you manage cart transforms.	high	Can affect checkout/cart behavior.	https://shopify.dev/docs/apps/build/authentication-authorization/access-scopes
shopify	read_checkout_branding_settings	Read checkout branding settings	oauth_scope	Read checkout branding settings.	NO	Branding-only.	low	—	https://shopify.dev/docs/apps/build/authentication-authorization/access-scopes
shopify	write_checkout_branding_settings	Write checkout branding settings	oauth_scope	Update checkout branding settings.	NO	Branding-only.	medium	Changes storefront checkout appearance.	https://shopify.dev/docs/apps/build/authentication-authorization/access-scopes
shopify	read_content	Read content	oauth_scope	Read store content objects.	MAYBE	If you read pages/blogs/content.	low	—	https://shopify.dev/docs/apps/build/authentication-authorization/access-scopes
shopify	write_content	Write content	oauth_scope	Create/update store content objects.	MAYBE	If you publish content.	high	Can publish/modify content.	https://shopify.dev/docs/apps/build/authentication-authorization/access-scopes
shopify	read_online_store_pages	Read online store pages	oauth_scope	Read online store pages.	NO	Optional content use-case.	low	—	https://shopify.dev/docs/apps/build/authentication-authorization/access-scopes
shopify	read_customer_events	Read customer events	oauth_scope	Read customer events.	NO	Specialized analytics/events.	low	—	https://shopify.dev/docs/apps/build/authentication-authorization/access-scopes
shopify	write_pixels	Write pixels	oauth_scope	Manage tracking pixels.	NO	Optional tracking integrations.	high	Privacy/tracking implications.	https://shopify.dev/docs/apps/build/authentication-authorization/access-scopes
shopify	read_customer_merge	Read customer merge	oauth_scope	Read customer merge data.	NO	Specialized.	low	—	https://shopify.dev/docs/apps/build/authentication-authorization/access-scopes
shopify	write_customer_merge	Write customer merge	oauth_scope	Perform customer merges.	NO	Specialized.	high	Can merge identities/records.	https://shopify.dev/docs/apps/build/authentication-authorization/access-scopes
shopify	read_customer_payment_methods	Read customer payment methods	oauth_scope	Read customer payment methods.	NO	Rare/high-sensitivity.	high	Sensitive financial data.	https://shopify.dev/docs/apps/build/authentication-authorization/access-scopes
shopify	read_customers	Read customers	oauth_scope	Read customer profiles.	YES	Needed to view customers.	medium	PII access.	https://shopify.dev/docs/apps/build/authentication-authorization/access-scopes
shopify	write_customers	Write customers	oauth_scope	Create/update customers.	MAYBE	If you edit customers.	high	Can modify customer records.	https://shopify.dev/docs/apps/build/authentication-authorization/access-scopes
shopify	read_delivery_customizations	Read delivery customizations	oauth_scope	Read delivery customizations.	NO	Shipping customization only.	low	—	https://shopify.dev/docs/apps/build/authentication-authorization/access-scopes
shopify	write_delivery_customizations	Write delivery customizations	oauth_scope	Manage delivery customizations.	NO	Shipping customization only.	high	Can alter delivery rules.	https://shopify.dev/docs/apps/build/authentication-authorization/access-scopes
shopify	read_discounts	Read discounts	oauth_scope	Read discount configurations.	MAYBE	If you display discounts.	medium	—	https://shopify.dev/docs/apps/build/authentication-authorization/access-scopes
shopify	write_discounts	Write discounts	oauth_scope	Create/update discounts.	MAYBE	If you manage promos.	high	Can change pricing/promotions.	https://shopify.dev/docs/apps/build/authentication-authorization/access-scopes
shopify	read_draft_orders	Read draft orders	oauth_scope	Read draft orders.	NO	Optional (B2B/manual invoicing).	medium	—	https://shopify.dev/docs/apps/build/authentication-authorization/access-scopes
shopify	write_draft_orders	Write draft orders	oauth_scope	Create/update draft orders.	NO	Optional.	high	Can create orders.	https://shopify.dev/docs/apps/build/authentication-authorization/access-scopes
shopify	read_files	Read files	oauth_scope	Read file objects.	MAYBE	If you use media/files.	low	—	https://shopify.dev/docs/apps/build/authentication-authorization/access-scopes
shopify	write_files	Write files	oauth_scope	Upload/manage files.	MAYBE	If you upload assets.	medium	Can add/modify files.	https://shopify.dev/docs/apps/build/authentication-authorization/access-scopes
shopify	read_fulfillments	Read fulfillments	oauth_scope	Read fulfillment records.	YES	If you track shipments/fulfillment status.	medium	—	https://shopify.dev/docs/apps/build/authentication-authorization/access-scopes
shopify	write_fulfillments	Write fulfillments	oauth_scope	Create/update fulfillments.	MAYBE	If you fulfill orders.	high	Can mark items fulfilled.	https://shopify.dev/docs/apps/build/authentication-authorization/access-scopes
shopify	read_gift_cards	Read gift cards	oauth_scope	Read gift cards.	NO	Optional.	high	Financial value instruments.	https://shopify.dev/docs/apps/build/authentication-authorization/access-scopes
shopify	write_gift_cards	Write gift cards	oauth_scope	Create/update gift cards.	NO	Optional.	high	Can create value.	https://shopify.dev/docs/apps/build/authentication-authorization/access-scopes
shopify	read_inventory	Read inventory	oauth_scope	Read inventory levels/items.	YES	Core commerce inventory visibility.	medium	—	https://shopify.dev/docs/apps/build/authentication-authorization/access-scopes
shopify	write_inventory	Write inventory	oauth_scope	Adjust inventory.	MAYBE	If you sync stock.	high	Can change sellable quantities.	https://shopify.dev/docs/apps/build/authentication-authorization/access-scopes
shopify	read_legal_policies	Read legal policies	oauth_scope	Read shop legal policies.	NO	Rare.	low	—	https://shopify.dev/docs/apps/build/authentication-authorization/access-scopes
shopify	read_locales	Read locales	oauth_scope	Read locales.	NO	Optional localization.	low	—	https://shopify.dev/docs/apps/build/authentication-authorization/access-scopes
shopify	write_locales	Write locales	oauth_scope	Manage locales.	NO	Optional localization.	medium	Can change localization settings.	https://shopify.dev/docs/apps/build/authentication-authorization/access-scopes
shopify	read_locations	Read locations	oauth_scope	Read locations.	MAYBE	Needed for multi-location inventory/fulfillment.	low	—	https://shopify.dev/docs/apps/build/authentication-authorization/access-scopes
shopify	write_locations	Write locations	oauth_scope	Manage locations.	NO	Rare.	high	Can change operational locations.	https://shopify.dev/docs/apps/build/authentication-authorization/access-scopes
shopify	read_markets	Read markets	oauth_scope	Read markets settings.	NO	Optional.	low	—	https://shopify.dev/docs/apps/build/authentication-authorization/access-scopes
shopify	write_markets	Write markets	oauth_scope	Update markets settings.	NO	Optional.	high	Can affect intl selling rules.	https://shopify.dev/docs/apps/build/authentication-authorization/access-scopes
shopify	read_marketing_events	Read marketing events	oauth_scope	Read marketing events.	NO	Optional.	low	—	https://shopify.dev/docs/apps/build/authentication-authorization/access-scopes
shopify	write_marketing_events	Write marketing events	oauth_scope	Create/update marketing events.	NO	Optional.	medium	—	https://shopify.dev/docs/apps/build/authentication-authorization/access-scopes
shopify	read_merchant_approval_signals	Read merchant approval signals	oauth_scope	Read approval signals.	NO	Specialized.	low	—	https://shopify.dev/docs/apps/build/authentication-authorization/access-scopes
shopify	read_metaobject_definitions	Read metaobject definitions	oauth_scope	Read metaobject schema definitions.	NO	Optional.	low	—	https://shopify.dev/docs/apps/build/authentication-authorization/access-scopes
shopify	write_metaobject_definitions	Write metaobject definitions	oauth_scope	Manage metaobject schema definitions.	NO	Optional.	high	Can alter data model.	https://shopify.dev/docs/apps/build/authentication-authorization/access-scopes
shopify	read_metaobjects	Read metaobjects	oauth_scope	Read metaobjects data.	NO	Optional.	low	—	https://shopify.dev/docs/apps/build/authentication-authorization/access-scopes
shopify	write_metaobjects	Write metaobjects	oauth_scope	Create/update metaobjects data.	NO	Optional.	medium	Can modify structured content.	https://shopify.dev/docs/apps/build/authentication-authorization/access-scopes
shopify	read_online_store_navigation	Read online store navigation	oauth_scope	Read navigation/menus.	NO	Optional.	low	—	https://shopify.dev/docs/apps/build/authentication-authorization/access-scopes
shopify	write_online_store_navigation	Write online store navigation	oauth_scope	Update navigation/menus.	NO	Optional.	medium	Can change storefront navigation.	https://shopify.dev/docs/apps/build/authentication-authorization/access-scopes
shopify	read_order_edits	Read order edits	oauth_scope	Read order edits.	NO	Optional.	medium	—	https://shopify.dev/docs/apps/build/authentication-authorization/access-scopes
shopify	write_order_edits	Write order edits	oauth_scope	Create/update order edits.	NO	Optional.	high	Can alter orders.	https://shopify.dev/docs/apps/build/authentication-authorization/access-scopes
shopify	read_orders	Read orders	oauth_scope	Read orders.	YES	Core order workflows.	medium	Contains customer/order PII.	https://shopify.dev/docs/apps/build/authentication-authorization/access-scopes
shopify	write_orders	Write orders	oauth_scope	Create/update orders.	MAYBE	If you modify/fulfill/create orders.	high	Order modifications are high-impact.	https://shopify.dev/docs/apps/build/authentication-authorization/access-scopes
shopify	read_own_subscription_contracts	Read own subscription contracts	oauth_scope	Read subscription contracts owned by app.	NO	Optional.	medium	—	https://shopify.dev/docs/apps/build/authentication-authorization/access-scopes
shopify	write_own_subscription_contracts	Write own subscription contracts	oauth_scope	Manage subscription contracts owned by app.	NO	Optional.	high	Can change subscriptions/billing.	https://shopify.dev/docs/apps/build/authentication-authorization/access-scopes
shopify	read_payment_customizations	Read payment customizations	oauth_scope	Read payment customizations.	NO	Optional.	medium	—	https://shopify.dev/docs/apps/build/authentication-authorization/access-scopes
shopify	write_payment_customizations	Write payment customizations	oauth_scope	Manage payment customizations.	NO	Optional.	high	Can affect checkout payments.	https://shopify.dev/docs/apps/build/authentication-authorization/access-scopes
shopify	read_payment_gateways	Read payment gateways	oauth_scope	Read payment gateway config.	NO	Optional.	high	Sensitive payments config.	https://shopify.dev/docs/apps/build/authentication-authorization/access-scopes
shopify	write_payment_gateways	Write payment gateways	oauth_scope	Manage payment gateways.	NO	Optional.	high	Critical payments risk.	https://shopify.dev/docs/apps/build/authentication-authorization/access-scopes
shopify	read_payment_mandate	Read payment mandate	oauth_scope	Read payment mandates.	NO	Optional.	high	Sensitive payments/mandates.	https://shopify.dev/docs/apps/build/authentication-authorization/access-scopes
shopify	write_payment_mandate	Write payment mandate	oauth_scope	Manage payment mandates.	NO	Optional.	high	Critical payments risk.	https://shopify.dev/docs/apps/build/authentication-authorization/access-scopes
shopify	write_payment_sessions	Write payment sessions	oauth_scope	Manage payment sessions.	NO	Optional.	high	Payments flow impact.	https://shopify.dev/docs/apps/build/authentication-authorization/access-scopes
shopify	read_payment_terms	Read payment terms	oauth_scope	Read payment terms.	NO	Optional.	medium	—	https://shopify.dev/docs/apps/build/authentication-authorization/access-scopes
shopify	write_payment_terms	Write payment terms	oauth_scope	Update payment terms.	NO	Optional.	high	Can change customer payment terms.	https://shopify.dev/docs/apps/build/authentication-authorization/access-scopes
shopify	read_price_rules	Read price rules	oauth_scope	Read price rules.	NO	Optional.	medium	Discounting/pricing logic.	https://shopify.dev/docs/apps/build/authentication-authorization/access-scopes
shopify	write_price_rules	Write price rules	oauth_scope	Manage price rules.	NO	Optional.	high	Can change promotions.	https://shopify.dev/docs/apps/build/authentication-authorization/access-scopes
shopify	read_privacy_settings	Read privacy settings	oauth_scope	Read privacy settings.	NO	Optional.	medium	Privacy-related.	https://shopify.dev/docs/apps/build/authentication-authorization/access-scopes
shopify	write_privacy_settings	Write privacy settings	oauth_scope	Update privacy settings.	NO	Optional.	high	High governance impact.	https://shopify.dev/docs/apps/build/authentication-authorization/access-scopes
shopify	read_products	Read products	oauth_scope	Read product catalog.	YES	Core catalog ingestion.	low	—	https://shopify.dev/docs/apps/build/authentication-authorization/access-scopes
shopify	write_products	Write products	oauth_scope	Create/update products.	MAYBE	If you sync catalog.	high	Can change live catalog.	https://shopify.dev/docs/apps/build/authentication-authorization/access-scopes
shopify	read_purchase_options	Read purchase options	oauth_scope	Read purchase options.	NO	Optional.	low	—	https://shopify.dev/docs/apps/build/authentication-authorization/access-scopes
shopify	write_purchase_options	Write purchase options	oauth_scope	Manage purchase options.	NO	Optional.	high	Can affect buying flows.	https://shopify.dev/docs/apps/build/authentication-authorization/access-scopes
shopify	read_reports	Read reports	oauth_scope	Read reports.	NO	Optional.	low	Reporting only.	https://shopify.dev/docs/apps/build/authentication-authorization/access-scopes
shopify	read_returns	Read returns	oauth_scope	Read returns.	NO	Optional.	medium	—	https://shopify.dev/docs/apps/build/authentication-authorization/access-scopes
shopify	write_returns	Write returns	oauth_scope	Create/update returns.	NO	Optional.	high	Can modify return state.	https://shopify.dev/docs/apps/build/authentication-authorization/access-scopes
shopify	read_script_tags	Read script tags	oauth_scope	Read script tags.	NO	Optional.	medium	Security-sensitive surface.	https://shopify.dev/docs/apps/build/authentication-authorization/access-scopes
shopify	write_script_tags	Write script tags	oauth_scope	Manage script tags.	NO	Optional.	high	Code injection risk.	https://shopify.dev/docs/apps/build/authentication-authorization/access-scopes
shopify	read_shipping	Read shipping	oauth_scope	Read shipping.	NO	Optional.	low	—	https://shopify.dev/docs/apps/build/authentication-authorization/access-scopes
shopify	write_shipping	Write shipping	oauth_scope	Update shipping.	NO	Optional.	high	Can change shipping rates/rules.	https://shopify.dev/docs/apps/build/authentication-authorization/access-scopes
shopify	read_shopify_payments_disputes	Read Shopify Payments disputes	oauth_scope	Read disputes.	NO	Optional.	high	Financial disputes data.	https://shopify.dev/docs/apps/build/authentication-authorization/access-scopes
shopify	read_shopify_payments_dispute_evidences	Read dispute evidences	oauth_scope	Read dispute evidence.	NO	Optional.	high	Sensitive dispute materials.	https://shopify.dev/docs/apps/build/authentication-authorization/access-scopes
shopify	read_shopify_payments_payouts	Read payouts	oauth_scope	Read payouts.	NO	Optional.	high	Financial payouts data.	https://shopify.dev/docs/apps/build/authentication-authorization/access-scopes
shopify	read_store_credit_accounts	Read store credit accounts	oauth_scope	Read store credit accounts.	NO	Optional.	high	Value-bearing accounts.	https://shopify.dev/docs/apps/build/authentication-authorization/access-scopes
shopify	read_store_credit_account_transactions	Read store credit transactions	oauth_scope	Read store credit account transactions.	NO	Optional.	high	Financial transaction data.	https://shopify.dev/docs/apps/build/authentication-authorization/access-scopes
shopify	write_store_credit_account_transactions	Write store credit transactions	oauth_scope	Create transactions on store credit accounts.	NO	Optional.	high	Can create/modify value transactions.	https://shopify.dev/docs/apps/build/authentication-authorization/access-scopes
shopify	read_themes	Read themes	oauth_scope	Read themes.	NO	Optional.	medium	Theme code exposure.	https://shopify.dev/docs/apps/build/authentication-authorization/access-scopes
shopify	write_themes	Write themes	oauth_scope	Update themes.	NO	Optional.	high	Can change storefront code.	https://shopify.dev/docs/apps/build/authentication-authorization/access-scopes
shopify	read_translations	Read translations	oauth_scope	Read translations.	NO	Optional.	low	—	https://shopify.dev/docs/apps/build/authentication-authorization/access-scopes
shopify	read_users	Read users	oauth_scope	Read users.	NO	Optional.	medium	User/PII implications.	https://shopify.dev/docs/apps/build/authentication-authorization/access-scopes
shopify	read_validations	Read validations	oauth_scope	Read validations.	NO	Optional.	low	—	https://shopify.dev/docs/apps/build/authentication-authorization/access-scopes
shopify	write_validations	Write validations	oauth_scope	Manage validations.	NO	Optional.	medium	Can affect validation rules.	https://shopify.dev/docs/apps/build/authentication-authorization/access-scopes
gmail	https://mail.google.com/	Full access to Gmail	oauth_scope	Read/write all resources and manage mail.	NO	Too broad for most MVPs.	high	Use narrower gmail.* scopes where possible.	https://developers.google.com/workspace/gmail/api/guides/authorizing
gmail	https://www.googleapis.com/auth/gmail.addons.current.action.compose	Gmail Add-ons: compose actions	oauth_scope	Manage drafts and send mail as part of add-on compose actions.	NO	Add-on specific.	high	Add-on context only.	https://developers.google.com/workspace/gmail/api/guides/authorizing
gmail	https://www.googleapis.com/auth/gmail.addons.current.message.action	Gmail Add-ons: message actions	oauth_scope	View message metadata and perform actions in add-on context.	NO	Add-on specific.	medium	Add-on context only.	https://developers.google.com/workspace/gmail/api/guides/authorizing
gmail	https://www.googleapis.com/auth/gmail.addons.current.message.metadata	Gmail Add-ons: message metadata	oauth_scope	View message metadata (add-on).	NO	Add-on specific.	low	Add-on context only.	https://developers.google.com/workspace/gmail/api/guides/authorizing
gmail	https://www.googleapis.com/auth/gmail.addons.current.message.readonly	Gmail Add-ons: message readonly	oauth_scope	View message content (add-on).	NO	Add-on specific.	medium	Add-on context only.	https://developers.google.com/workspace/gmail/api/guides/authorizing
gmail	https://www.googleapis.com/auth/gmail.compose	Compose mail	oauth_scope	Create drafts and send messages.	YES	Send emails / drafts.	high	Sending email risk.	https://developers.google.com/workspace/gmail/api/guides/authorizing
gmail	https://www.googleapis.com/auth/gmail.insert	Insert mail	oauth_scope	Insert messages into mailbox (e.g., import).	NO	Rare for MVP.	high	Mailbox integrity risk.	https://developers.google.com/workspace/gmail/api/guides/authorizing
gmail	https://www.googleapis.com/auth/gmail.labels	Manage labels	oauth_scope	Create/read/update/delete labels.	MAYBE	If you organize mail by labels.	medium	Can alter label taxonomy.	https://developers.google.com/workspace/gmail/api/guides/authorizing
gmail	https://www.googleapis.com/auth/gmail.metadata	Read metadata	oauth_scope	Read message metadata only (not body).	YES	Common “read-only-ish” integration.	low	Safer than full read.	https://developers.google.com/workspace/gmail/api/guides/authorizing
gmail	https://www.googleapis.com/auth/gmail.modify	Modify mail	oauth_scope	Read/modify messages but not full delete.	YES	Mark read/archive/apply labels.	medium	Can alter mailbox state.	https://developers.google.com/workspace/gmail/api/guides/authorizing
gmail	https://www.googleapis.com/auth/gmail.readonly	Read mail	oauth_scope	Read messages and settings (read-only).	YES	Read-only mailbox access.	medium	Still exposes content.	https://developers.google.com/workspace/gmail/api/guides/authorizing
gmail	https://www.googleapis.com/auth/gmail.send	Send mail	oauth_scope	Send email.	YES	If you send outbound mail.	high	Outbound messaging risk.	https://developers.google.com/workspace/gmail/api/guides/authorizing
gmail	https://www.googleapis.com/auth/gmail.settings.basic	Basic settings	oauth_scope	Manage basic mail settings.	NO	Optional.	medium	Settings changes can be disruptive.	https://developers.google.com/workspace/gmail/api/guides/authorizing
gmail	https://www.googleapis.com/auth/gmail.settings.sharing	Sharing settings	oauth_scope	Manage sharing-related settings.	NO	Optional.	high	Delegation/sharing risk.	https://developers.google.com/workspace/gmail/api/guides/authorizing
ga4_data	https://www.googleapis.com/auth/analytics	Google Analytics: manage	oauth_scope	View and manage Google Analytics data.	NO	Usually too broad; read-only is MVP.	high	Prefer readonly for MVP.	https://googleapis.dev/dotnet/Google.Apis.AnalyticsData.v1beta/latest/api/Google.Apis.AnalyticsData.v1beta.AnalyticsDataService.ScopeConstants.html
ga4_data	https://www.googleapis.com/auth/analytics.readonly	Google Analytics: readonly	oauth_scope	See and download Google Analytics data.	YES	Core “read analytics” MVP.	low	Read-only.	https://googleapis.dev/dotnet/Google.Apis.AnalyticsData.v1beta/latest/api/Google.Apis.AnalyticsData.v1beta.AnalyticsDataService.ScopeConstants.html
ga4_admin	https://www.googleapis.com/auth/analytics.edit	Google Analytics: edit	oauth_scope	Edit Analytics admin resources.	NO	Admin changes rarely needed for MVP.	high	Can change property/account config.	https://googleapis.dev/dotnet/Google.Apis.AnalyticsAdmin.v1beta/latest/api/Google.Apis.AnalyticsAdmin.v1beta.AnalyticsAdminService.ScopeConstants.html
ga4_admin	https://www.googleapis.com/auth/analytics.manage.users	GA: manage users	oauth_scope	Manage users for Analytics accounts/properties.	NO	High-risk; avoid.	high	User access governance.	https://googleapis.dev/dotnet/Google.Apis.AnalyticsAdmin.v1beta/latest/api/Google.Apis.AnalyticsAdmin.v1beta.AnalyticsAdminService.ScopeConstants.html
ga4_admin	https://www.googleapis.com/auth/analytics.manage.users.readonly	GA: manage users readonly	oauth_scope	Read user management info.	NO	Usually not needed.	medium	User access visibility.	https://googleapis.dev/dotnet/Google.Apis.AnalyticsAdmin.v1beta/latest/api/Google.Apis.AnalyticsAdmin.v1beta.AnalyticsAdminService.ScopeConstants.html
ga4_admin	https://www.googleapis.com/auth/analytics.readonly	GA: readonly	oauth_scope	Read Analytics data.	MAYBE	If Admin API reads require it.	low	Read-only.	https://googleapis.dev/dotnet/Google.Apis.AnalyticsAdmin.v1beta/latest/api/Google.Apis.AnalyticsAdmin.v1beta.AnalyticsAdminService.ScopeConstants.html
google_ads	https://www.googleapis.com/auth/adwords	Google Ads	oauth_scope	Access Google Ads API.	YES	Run/read/manage campaigns (depending on endpoint).	high	Spending risk; requires dev token + approvals.	https://developers.google.com/google-ads/api/docs/oauth/overview
search_console	https://www.googleapis.com/auth/webmasters	Search Console (manage)	oauth_scope	Full access to Search Console sites.	MAYBE	Needed only if you submit sitemaps / manage properties.	high	Can change some site-level resources.	https://developers.google.com/webmaster-tools/v1/how-tos/authorizing
search_console	https://www.googleapis.com/auth/webmasters.readonly	Search Console (readonly)	oauth_scope	Read Search Console data.	YES	Core read-only analytics MVP.	low	Read-only.	https://developers.google.com/webmaster-tools/v1/how-tos/authorizing
merchant_center_content_api	https://www.googleapis.com/auth/content	Content API for Shopping	oauth_scope	Manage product listings and Merchant Center accounts.	YES	Product/feed sync MVP.	high	Sensitive scope (verification may apply).	https://developers.google.com/shopping-content/guides/how-tos/authorizing
youtube	https://www.googleapis.com/auth/youtube	YouTube (manage)	oauth_scope	Manage YouTube account.	MAYBE	If you upload/update content.	high	Publishing/modification risk.	https://developers.google.com/resources/api-libraries/documentation/youtube/v3/cpp/latest/classyoutube__api_1_1YouTubeService_1_1SCOPES.html
youtube	https://www.googleapis.com/auth/youtube.channel-memberships.creator	Channel memberships (creator)	oauth_scope	Access channel memberships features for creators.	NO	Specialized.	medium	Feature-specific.	https://developers.google.com/resources/api-libraries/documentation/youtube/v3/cpp/latest/classyoutube__api_1_1YouTubeService_1_1SCOPES.html
youtube	https://www.googleapis.com/auth/youtube.force-ssl	YouTube force-SSL	oauth_scope	Manage YouTube account over SSL; often required for some write operations.	MAYBE	For certain write endpoints.	high	Write-capable.	https://developers.google.com/resources/api-libraries/documentation/youtube/v3/cpp/latest/classyoutube__api_1_1YouTubeService_1_1SCOPES.html
youtube	https://www.googleapis.com/auth/youtube.readonly	YouTube readonly	oauth_scope	View YouTube account.	YES	Read channel/video data.	low	Read-only.	https://developers.google.com/resources/api-libraries/documentation/youtube/v3/cpp/latest/classyoutube__api_1_1YouTubeService_1_1SCOPES.html
youtube	https://www.googleapis.com/auth/youtube.upload	YouTube upload	oauth_scope	Upload YouTube videos.	MAYBE	If uploading.	high	Publishing risk.	https://developers.google.com/resources/api-libraries/documentation/youtube/v3/cpp/latest/classyoutube__api_1_1YouTubeService_1_1SCOPES.html
youtube	https://www.googleapis.com/auth/youtubepartner	YouTube Partner	oauth_scope	Retrieve/manage YouTube content and associated assets.	NO	Partner-only.	high	Requires partner access.	https://developers.google.com/resources/api-libraries/documentation/youtube/v3/cpp/latest/classyoutube__api_1_1YouTubeService_1_1SCOPES.html
youtube	https://www.googleapis.com/auth/youtubepartner-channel-audit	Partner channel audit	oauth_scope	Retrieve private channel audit data.	NO	Partner-only.	high	Sensitive.	https://developers.google.com/resources/api-libraries/documentation/youtube/v3/cpp/latest/classyoutube__api_1_1YouTubeService_1_1SCOPES.html
pinterest	ads:read	Ads read	oauth_scope	See all advertising data (ads, ad groups, campaigns, etc.).	MAYBE	Needed for read-only ads analytics.	medium	Ad account access implications.	https://raw.githubusercontent.com/pinterest/api-description/v5.12.0/v5/openapi.yaml
pinterest	ads:write	Ads write	oauth_scope	Create/update/delete ads, ad groups, campaigns, etc.	MAYBE	Needed to manage campaigns.	high	Spending/ads mutation risk.	https://raw.githubusercontent.com/pinterest/api-description/v5.12.0/v5/openapi.yaml
pinterest	billing:read	Billing read	oauth_scope	See billing data/billing profile.	NO	Avoid for MVP.	high	Financial data.	https://raw.githubusercontent.com/pinterest/api-description/v5.12.0/v5/openapi.yaml
pinterest	billing:write	Billing write	oauth_scope	Create/update/delete billing data/billing profiles.	NO	Avoid.	high	Financial mutation.	https://raw.githubusercontent.com/pinterest/api-description/v5.12.0/v5/openapi.yaml
pinterest	biz_access:read	Business access read	oauth_scope	See business access data.	NO	Optional.	medium	Org governance surface.	https://raw.githubusercontent.com/pinterest/api-description/v5.12.0/v5/openapi.yaml
pinterest	biz_access:write	Business access write	oauth_scope	Create/update/delete business access data.	NO	Optional.	high	Org governance mutation.	https://raw.githubusercontent.com/pinterest/api-description/v5.12.0/v5/openapi.yaml
pinterest	boards:read	Boards read	oauth_scope	See public boards (incl. group boards you join).	YES	Core content reading.	low	—	https://raw.githubusercontent.com/pinterest/api-description/v5.12.0/v5/openapi.yaml
pinterest	boards:read_secret	Boards read secret	oauth_scope	See secret boards.	NO	Avoid unless required.	medium	Private content.	https://raw.githubusercontent.com/pinterest/api-description/v5.12.0/v5/openapi.yaml
pinterest	boards:write	Boards write	oauth_scope	Create/update/delete public boards.	MAYBE	If publishing boards.	medium	Content mutation.	https://raw.githubusercontent.com/pinterest/api-description/v5.12.0/v5/openapi.yaml
pinterest	boards:write_secret	Boards write secret	oauth_scope	Create/update/delete secret boards.	NO	Optional.	high	Private content mutation.	https://raw.githubusercontent.com/pinterest/api-description/v5.12.0/v5/openapi.yaml
pinterest	catalogs:read	Catalogs read	oauth_scope	See catalogs data.	NO	Optional.	medium	Product feed context.	https://raw.githubusercontent.com/pinterest/api-description/v5.12.0/v5/openapi.yaml
pinterest	catalogs:write	Catalogs write	oauth_scope	Create/update/delete catalogs data.	NO	Optional.	high	Product feed mutation.	https://raw.githubusercontent.com/pinterest/api-description/v5.12.0/v5/openapi.yaml
pinterest	pins:read	Pins read	oauth_scope	See public Pins.	YES	Read content.	low	—	https://raw.githubusercontent.com/pinterest/api-description/v5.12.0/v5/openapi.yaml
pinterest	pins:read_secret	Pins read secret	oauth_scope	See secret Pins.	NO	Avoid unless required.	medium	Private content.	https://raw.githubusercontent.com/pinterest/api-description/v5.12.0/v5/openapi.yaml
pinterest	pins:write	Pins write	oauth_scope	Create/update/delete public Pins.	MAYBE	Publishing MVP.	high	Publishing risk.	https://raw.githubusercontent.com/pinterest/api-description/v5.12.0/v5/openapi.yaml
pinterest	pins:write_secret	Pins write secret	oauth_scope	Create/update/delete secret Pins.	NO	Optional.	high	Private publishing risk.	https://raw.githubusercontent.com/pinterest/api-description/v5.12.0/v5/openapi.yaml
pinterest	user_accounts:read	User accounts read	oauth_scope	See user accounts and followers.	MAYBE	Needed for identity/profile contexts.	low	—	https://raw.githubusercontent.com/pinterest/api-description/v5.12.0/v5/openapi.yaml
pinterest	user_accounts:write	User accounts write	oauth_scope	Update user accounts and followers.	NO	Avoid.	high	Account mutation.	https://raw.githubusercontent.com/pinterest/api-description/v5.12.0/v5/openapi.yaml
